feature,importance
thal,0.16345223354199662
cp,0.12941192662365586
ca,0.1194208803810024
thalach,0.09376183252432177
oldpeak,0.0841184609142649
exang,0.06095802644970835
age,0.059668475541067766
chol,0.051738774886588776
trestbps,0.050126962447456784
slope,0.047911494643743245
age_chol_interaction,0.04554110610225055
oldpeak_slope_interaction,0.04185000297789118
sex,0.03243880144215521
restecg,0.012823661270449269
fbs,0.006777360253447251
